{"train_total_loss": 29.262439727783203, "train_vector_loss": 47.739070892333984, "train_position_loss": 29.262439727783203, "_timestamp": 1675655690.3963208, "val_total_loss": 15.756534576416016, "val_vector_loss": 47.734825134277344, "val_position_loss": 15.756534576416016, "test_total_loss": 14.095586776733398, "test_vector_loss": 47.734779357910156, "test_position_loss": 14.095586776733398, "ext_total_loss": 34.23320007324219, "ext_vector_loss": 47.729820251464844, "ext_position_loss": 34.23320007324219, "_runtime": 621.3591887950897, "_step": 217}