{"train_total_loss": 10.299338340759277, "train_vector_loss": 0.2589977979660034, "train_position_loss": 10.299338340759277, "_timestamp": 1675688009.9912531, "val_total_loss": 4.941801071166992, "val_vector_loss": 0.25737330317497253, "val_position_loss": 4.941801071166992, "test_total_loss": 3.283787727355957, "test_vector_loss": 0.2573177218437195, "test_position_loss": 3.283787727355957, "ext_total_loss": 9.267927169799805, "ext_vector_loss": 0.25738200545310974, "ext_position_loss": 9.267927169799805, "_runtime": 1293.2427141666412, "_step": 500, "_wandb": {"runtime": 1292}}