{"train_total_loss": 11.86744213104248, "train_vector_loss": 0.2583814561367035, "train_position_loss": 11.86744213104248, "_timestamp": 1675680826.0833373, "val_total_loss": 6.756033897399902, "val_vector_loss": 0.25744274258613586, "val_position_loss": 6.756033897399902, "test_total_loss": 5.442214012145996, "test_vector_loss": 0.25731661915779114, "test_position_loss": 5.442214012145996, "ext_total_loss": 19.91063117980957, "ext_vector_loss": 0.258048415184021, "ext_position_loss": 19.91063117980957, "_runtime": 1313.0228502750397, "_step": 500, "_wandb": {"runtime": 1312}}