{"train_total_loss": 235.06036376953125, "train_vector_loss": 47.7822151184082, "train_position_loss": 235.06036376953125, "_timestamp": 1675654352.63742, "val_total_loss": 222.57423400878906, "val_vector_loss": 47.78741455078125, "val_position_loss": 222.57423400878906, "test_total_loss": 220.99624633789062, "test_vector_loss": 47.78741455078125, "test_position_loss": 220.99624633789062, "ext_total_loss": 323.11138916015625, "ext_vector_loss": 47.787410736083984, "ext_position_loss": 323.11138916015625, "_runtime": 138.25149583816528, "_step": 22}