{"train_total_loss": 22.642751693725586, "train_vector_loss": 26.587726593017578, "train_position_loss": 22.642751693725586, "_timestamp": 1675653478.662859, "val_total_loss": 12.214993476867676, "val_vector_loss": 26.5848445892334, "val_position_loss": 12.214993476867676, "test_total_loss": 10.418935775756836, "test_vector_loss": 26.584745407104492, "test_position_loss": 10.418935775756836, "ext_total_loss": 45.30322265625, "ext_vector_loss": 26.57881736755371, "ext_position_loss": 45.30322265625, "_runtime": 566.9579010009766, "_step": 204}