{"train_total_loss": 0.021100057289004326, "train_vector_loss": 4.222443580627441, "train_position_loss": 0.021100057289004326, "_timestamp": 1675602604.7926385, "val_total_loss": 0.00010546324483584613, "val_vector_loss": 3.7069830894470215, "val_position_loss": 0.00010546324483584613, "test_total_loss": 0.00011041352991014719, "test_vector_loss": 3.7069830894470215, "test_position_loss": 0.00011041352991014719, "ext_total_loss": 0.0002242029586341232, "ext_vector_loss": 3.7069828510284424, "ext_position_loss": 0.0002242029586341232, "_runtime": 111.15203142166138, "_step": 258, "_wandb": {"runtime": 110}}