{"train_position_loss": 45.610599517822266, "_timestamp": 1675682151.839935, "val_position_loss": 10.182231903076172, "test_position_loss": 9.969197273254395, "ext_position_loss": 19.93939781188965, "_runtime": 20.59234595298767, "_step": 500, "_wandb": {"runtime": 20}}