{"train_total_loss": 30.665260314941406, "train_vector_loss": 0.25612300634384155, "train_position_loss": 30.665260314941406, "_timestamp": 1675686463.8756335, "val_total_loss": 19.571481704711914, "val_vector_loss": 0.26542437076568604, "val_position_loss": 19.571481704711914, "test_total_loss": 17.6386661529541, "test_vector_loss": 0.26527443528175354, "test_position_loss": 17.6386661529541, "ext_total_loss": 39.840023040771484, "ext_vector_loss": 0.26249852776527405, "ext_position_loss": 39.840023040771484, "_runtime": 245.79420256614685, "_step": 95}