{"train_position_loss": 0.0017984355799853802, "_timestamp": 1675604001.5935812, "val_position_loss": 0.00021659718186128885, "test_position_loss": 0.043611325323581696, "ext_position_loss": 0.20134153962135315, "_runtime": 21.548365116119385, "_step": 500, "_wandb": {"runtime": 21}}