{"train_position_loss": 0.0017387658590450883, "_timestamp": 1675679460.8637004, "val_position_loss": 0.00018556563009042293, "test_position_loss": 0.00017738109454512596, "ext_position_loss": 0.00026986567536368966, "_runtime": 22.52646541595459, "_step": 500, "_wandb": {"runtime": 21}}