{"train_total_loss": 0.9698594212532043, "train_vector_loss": 5.608712196350098, "train_position_loss": 0.9137722849845886, "_timestamp": 1675598865.3985004, "val_total_loss": 0.3637465536594391, "val_vector_loss": 5.302597522735596, "val_position_loss": 0.3107205927371979, "test_total_loss": 0.3298942446708679, "test_vector_loss": 5.308618068695068, "test_position_loss": 0.27680808305740356, "ext_total_loss": 0.5674203634262085, "ext_vector_loss": 5.393468856811523, "ext_position_loss": 0.5134857296943665, "_runtime": 9.580402374267578, "_step": 100, "_wandb": {"runtime": 9}}