{"train_total_loss": 0.07080251723527908, "train_vector_loss": 1.7231706380844116, "train_position_loss": 0.06218666210770607, "train_max_position_loss": 0.07666931301355362, "_timestamp": 1680071352.298469, "val_total_loss": 0.04250537231564522, "val_vector_loss": 1.623909831047058, "val_position_loss": 0.03438581898808479, "val_max_position_loss": 0.041133154183626175, "test_total_loss": 0.041640911251306534, "test_vector_loss": 1.552269458770752, "test_position_loss": 0.033879563212394714, "test_max_position_loss": 0.04113831743597984, "ext_total_loss": 0.04481077939271927, "ext_vector_loss": 2.2241218090057373, "ext_position_loss": 0.03369016572833061, "ext_max_position_loss": 0.04073653742671013, "_runtime": 101.50088310241699, "_step": 21}