{"train_total_loss": 0.009157243184745312, "train_vector_loss": 0.07324127107858658, "train_position_loss": 0.0018331158207729459, "_timestamp": 1676381295.8624747, "val_total_loss": 0.007042250130325556, "val_vector_loss": 0.05701003596186638, "val_position_loss": 0.001341246534138918, "test_total_loss": 0.007054883986711502, "test_vector_loss": 0.05671999603509903, "test_position_loss": 0.0013828837545588613, "ext_total_loss": 0.019723713397979736, "ext_vector_loss": 0.1598067283630371, "ext_position_loss": 0.003743040608242154, "_runtime": 188.23988676071167, "_step": 358}