{"train_total_loss": 0.04328210651874542, "train_vector_loss": 4.29686164855957, "train_position_loss": 0.04328210651874542, "_timestamp": 1675602020.6955342, "val_total_loss": 0.0001516698393970728, "val_vector_loss": 3.966514825820923, "val_position_loss": 0.0001516698393970728, "test_total_loss": 0.00015679113857913762, "test_vector_loss": 3.966514825820923, "test_position_loss": 0.00015679113857913762, "ext_total_loss": 0.00027070753276348114, "ext_vector_loss": 3.966515302658081, "ext_position_loss": 0.00027070753276348114, "_runtime": 75.36279320716858, "_step": 157}