{"train_total_loss": 1.2763530015945435, "train_vector_loss": 5.630565643310547, "train_position_loss": 1.2200474739074707, "_timestamp": 1675598890.6631174, "val_total_loss": 0.4509899616241455, "val_vector_loss": 4.522010326385498, "val_position_loss": 0.40576982498168945, "test_total_loss": 0.4247286915779114, "test_vector_loss": 4.525856018066406, "test_position_loss": 0.37947016954421997, "ext_total_loss": 0.7953417301177979, "ext_vector_loss": 4.991300582885742, "ext_position_loss": 0.7454286813735962, "_runtime": 7.2136924266815186, "_step": 72}