{"train_total_loss": 0.6183705925941467, "train_vector_loss": 5.278401851654053, "train_position_loss": 0.6183705925941467, "_timestamp": 1675602403.1595025, "val_total_loss": 0.0491449199616909, "val_vector_loss": 4.665455341339111, "val_position_loss": 0.0491449199616909, "test_total_loss": 0.052545931190252304, "test_vector_loss": 4.687859058380127, "test_position_loss": 0.052545931190252304, "ext_total_loss": 0.16802658140659332, "ext_vector_loss": 4.691336631774902, "ext_position_loss": 0.16802658140659332, "_runtime": 5.745080471038818, "_step": 12, "_wandb": {"runtime": 5}}