{"train_position_loss": 45.610599517822266, "_timestamp": 1675661517.7906003, "val_position_loss": 10.182231903076172, "test_position_loss": 9.969197273254395, "ext_position_loss": 19.93939781188965, "_runtime": 27.217977285385132, "_step": 500, "_wandb": {"runtime": 27}}