{"train_position_loss": 0.002054592827335, "_timestamp": 1675600252.732418, "val_position_loss": 0.0018238468328490853, "test_position_loss": 0.001840765355154872, "ext_position_loss": 0.0016907431418076158, "_runtime": 7.819467067718506, "_step": 40}