{"train_total_loss": 0.01755475625395775, "train_vector_loss": 4.2528862953186035, "train_position_loss": 0.01755475625395775, "_timestamp": 1675602137.6494057, "val_total_loss": 8.887752483133227e-05, "val_vector_loss": 4.051784992218018, "val_position_loss": 8.887752483133227e-05, "test_total_loss": 9.358864190289751e-05, "test_vector_loss": 4.051784992218018, "test_position_loss": 9.358864190289751e-05, "ext_total_loss": 0.00021733398898504674, "ext_vector_loss": 4.051784992218018, "ext_position_loss": 0.00021733398898504674, "_runtime": 102.74597263336182, "_step": 207}