{"train_total_loss": 0.0005004371632821858, "train_vector_loss": 5.9322617744328454e-05, "train_position_loss": 0.000500377849675715, "_timestamp": 1675678427.103651, "val_total_loss": 0.0012689272407442331, "val_vector_loss": 6.598409527214244e-05, "val_position_loss": 0.001268861349672079, "test_total_loss": 0.0013001167681068182, "test_vector_loss": 6.7605942604132e-05, "test_position_loss": 0.0013000491308048368, "ext_total_loss": 0.0016380210872739553, "ext_vector_loss": 9.674044122220948e-05, "ext_position_loss": 0.0016379243461415172, "_runtime": 1.3247981071472168, "_step": 1, "_wandb": {"runtime": 0}}