{"train_total_loss": 40.992713928222656, "train_vector_loss": 47.7662353515625, "train_position_loss": 40.992713928222656, "_timestamp": 1675658462.98253, "val_total_loss": 29.0167293548584, "val_vector_loss": 47.76886749267578, "val_position_loss": 29.0167293548584, "test_total_loss": 26.550491333007812, "test_vector_loss": 47.76926803588867, "test_position_loss": 26.550491333007812, "ext_total_loss": 51.1906852722168, "ext_vector_loss": 47.78647232055664, "ext_position_loss": 51.1906852722168, "_runtime": 1291.5454351902008, "_step": 500, "_wandb": {"runtime": 1291}}