{"train_total_loss": 0.002643231302499771, "train_vector_loss": 0.2817855775356293, "train_position_loss": 0.002361445687711239, "_timestamp": 1676377978.561842, "val_total_loss": 0.0023162805009633303, "val_vector_loss": 0.1639123260974884, "val_position_loss": 0.002152367727831006, "test_total_loss": 0.002274164929986, "test_vector_loss": 0.1611584573984146, "test_position_loss": 0.002113006543368101, "ext_total_loss": 0.0024116430431604385, "ext_vector_loss": 0.398986279964447, "ext_position_loss": 0.0020126570016145706, "_runtime": 831.490161895752, "_step": 34}