{"train_total_loss": 0.0022119779605418444, "train_vector_loss": 0.23264892399311066, "train_position_loss": 0.0019793289247900248, "_timestamp": 1676378479.1207137, "val_total_loss": 0.0009481480228714645, "val_vector_loss": 0.1412925273180008, "val_position_loss": 0.0008068555034697056, "test_total_loss": 0.0009478015126660466, "test_vector_loss": 0.14607401192188263, "test_position_loss": 0.0008017274085432291, "ext_total_loss": 0.0013304465683177114, "ext_vector_loss": 0.38935065269470215, "ext_position_loss": 0.0009410960483364761, "_runtime": 1332.0490336418152, "_step": 56}