{"train_total_loss": 0.1928434520959854, "train_vector_loss": 4.909842491149902, "train_position_loss": 0.1928434520959854, "_timestamp": 1675598993.3578274, "val_total_loss": 0.0028270259499549866, "val_vector_loss": 5.092280387878418, "val_position_loss": 0.0028270259499549866, "test_total_loss": 0.002828773343935609, "test_vector_loss": 5.092280387878418, "test_position_loss": 0.002828773343935609, "ext_total_loss": 0.003181865205988288, "ext_vector_loss": 5.092278003692627, "ext_position_loss": 0.003181865205988288, "_runtime": 45.12957549095154, "_step": 500, "_wandb": {"runtime": 45}}