{"train_position_loss": 0.0020644129253923893, "_timestamp": 1675666377.3727818, "val_position_loss": 0.00010417325393063948, "test_position_loss": 0.0066009103320539, "ext_position_loss": 0.016135573387145996, "_runtime": 17.9319167137146, "_step": 500, "_wandb": {"runtime": 17}}