{"train_total_loss": 0.0016168919391930103, "train_vector_loss": -0.04044356942176819, "train_position_loss": 0.0016573354369029403, "_timestamp": 1676380771.7382357, "val_total_loss": 2.4135248168022372e-05, "val_vector_loss": -0.09607056528329849, "val_position_loss": 0.00012020581925753504, "test_total_loss": 1.6358211723854765e-05, "test_vector_loss": -0.09647712856531143, "test_position_loss": 0.00011283535422990099, "ext_total_loss": 0.00012534008419606835, "ext_vector_loss": -0.08914437144994736, "ext_position_loss": 0.00021448441839311272, "_runtime": 56.516886711120605, "_step": 96}