{"train_total_loss": 44.72560119628906, "train_vector_loss": 0.2537592351436615, "train_position_loss": 44.72560119628906, "_timestamp": 1675660855.899003, "val_total_loss": 25.56662368774414, "val_vector_loss": 0.25308412313461304, "val_position_loss": 25.56662368774414, "test_total_loss": 23.63170051574707, "test_vector_loss": 0.25318241119384766, "test_position_loss": 23.63170051574707, "ext_total_loss": 68.4569320678711, "ext_vector_loss": 0.2559645473957062, "ext_position_loss": 68.4569320678711, "_runtime": 118.6375150680542, "_step": 45}