{"train_total_loss": 61.50506591796875, "train_vector_loss": 0.24778462946414948, "train_position_loss": 61.50506591796875, "_timestamp": 1675686560.0021389, "val_total_loss": 33.09720230102539, "val_vector_loss": 0.24715618789196014, "val_position_loss": 33.09720230102539, "test_total_loss": 29.889772415161133, "test_vector_loss": 0.24714212119579315, "test_position_loss": 29.889772415161133, "ext_total_loss": 115.4371109008789, "ext_vector_loss": 0.24690017104148865, "ext_position_loss": 115.4371109008789, "_runtime": 78.40838479995728, "_step": 24}