{"train_total_loss": 13.432462692260742, "train_vector_loss": 0.25921598076820374, "train_position_loss": 13.432462692260742, "_timestamp": 1675689317.75172, "val_total_loss": 8.54636287689209, "val_vector_loss": 0.2599674165248871, "val_position_loss": 8.54636287689209, "test_total_loss": 6.677404880523682, "test_vector_loss": 0.260017991065979, "test_position_loss": 6.677404880523682, "ext_total_loss": 15.13451862335205, "ext_vector_loss": 0.2578735947608948, "ext_position_loss": 15.13451862335205, "_runtime": 1296.4793238639832, "_step": 500, "_wandb": {"runtime": 1295}}