{"train_total_loss": 0.0006575374281965196, "train_vector_loss": 0.03302089124917984, "train_position_loss": 0.0006245165131986141, "_timestamp": 1675665227.4192598, "val_total_loss": 3.9280996134039015e-05, "val_vector_loss": 0.010487622581422329, "val_position_loss": 2.8793374440283515e-05, "test_total_loss": 4.322070526541211e-05, "test_vector_loss": 0.010133108124136925, "test_position_loss": 3.3087599149439484e-05, "ext_total_loss": 0.00011387419363018125, "ext_vector_loss": 0.02419758215546608, "ext_position_loss": 8.967661415226758e-05, "_runtime": 104.00073885917664, "_step": 230, "_wandb": {"runtime": 103}}