{"train_total_loss": 0.047930002212524414, "train_vector_loss": 4.739416599273682, "train_position_loss": 0.04788261279463768, "_timestamp": 1675602881.2593899, "val_total_loss": 0.0005642608739435673, "val_vector_loss": 4.200527667999268, "val_position_loss": 0.0005222556064836681, "test_total_loss": 0.0005801226943731308, "test_vector_loss": 4.200527667999268, "test_position_loss": 0.0005381173687055707, "ext_total_loss": 0.0008143785526044667, "ext_vector_loss": 4.200528144836426, "ext_position_loss": 0.0007723732851445675, "_runtime": 54.70984888076782, "_step": 113}