{"train_position_loss": 0.0020407706033438444, "_timestamp": 1675599379.4782743, "val_position_loss": 0.0018238468328490853, "test_position_loss": 0.001840765355154872, "ext_position_loss": 0.0016907431418076158, "_runtime": 10.737045288085938, "_step": 100, "_wandb": {"runtime": 10}}