{"train_total_loss": 0.3845398724079132, "train_vector_loss": 5.271068572998047, "train_position_loss": 0.3845398724079132, "_timestamp": 1675599838.514614, "val_total_loss": 0.2708016335964203, "val_vector_loss": 5.297596454620361, "val_position_loss": 0.2708016335964203, "test_total_loss": 0.2568703591823578, "test_vector_loss": 5.299181938171387, "test_position_loss": 0.2568703591823578, "ext_total_loss": 0.8187667727470398, "ext_vector_loss": 5.5711212158203125, "ext_position_loss": 0.8187667727470398, "_runtime": 45.205629110336304, "_step": 500, "_wandb": {"runtime": 45}}