{"train_total_loss": 0.49976566433906555, "train_vector_loss": 5.226891040802002, "train_position_loss": 0.49976566433906555, "_timestamp": 1675602482.3805633, "val_total_loss": 0.027287084609270096, "val_vector_loss": 5.0050530433654785, "val_position_loss": 0.027287084609270096, "test_total_loss": 0.028347164392471313, "test_vector_loss": 5.009154796600342, "test_position_loss": 0.028347164392471313, "ext_total_loss": 0.05628189817070961, "ext_vector_loss": 5.022388935089111, "ext_position_loss": 0.05628189817070961, "_runtime": 7.310823202133179, "_step": 15, "_wandb": {"runtime": 7}}