{"train_total_loss": 0.1360863447189331, "train_vector_loss": 0.100191630423069, "train_position_loss": 0.03589471057057381, "_timestamp": 1676381790.027129, "val_total_loss": 0.06651759147644043, "val_vector_loss": 0.05429214611649513, "val_position_loss": 0.012225441634654999, "test_total_loss": 0.06770898401737213, "test_vector_loss": 0.05509764328598976, "test_position_loss": 0.012611348181962967, "ext_total_loss": 0.1673731952905655, "ext_vector_loss": 0.13632994890213013, "ext_position_loss": 0.031043246388435364, "_runtime": 26.468312978744507, "_step": 41}