{"train_total_loss": 0.018033135682344437, "train_vector_loss": 0.11364284157752991, "train_position_loss": 0.0066688526421785355, "_timestamp": 1676382579.1025429, "val_total_loss": 0.008632775396108627, "val_vector_loss": 0.06694339215755463, "val_position_loss": 0.0019384354818612337, "test_total_loss": 0.008951044641435146, "test_vector_loss": 0.0702776238322258, "test_position_loss": 0.0019232825143262744, "ext_total_loss": 0.021552367135882378, "ext_vector_loss": 0.1945832073688507, "ext_position_loss": 0.002094048075377941, "_runtime": 267.8551068305969, "_step": 500, "_wandb": {"runtime": 267}}