{"train_total_loss": 230.00653076171875, "train_vector_loss": 47.775455474853516, "train_position_loss": 230.00653076171875, "_timestamp": 1675654175.3665392, "val_total_loss": 244.55322265625, "val_vector_loss": 47.7698974609375, "val_position_loss": 244.55322265625, "test_total_loss": 248.4684295654297, "test_vector_loss": 47.7698974609375, "test_position_loss": 248.4684295654297, "ext_total_loss": 477.52294921875, "ext_vector_loss": 47.76990509033203, "ext_position_loss": 477.52294921875, "_runtime": 185.90794920921326, "_step": 36}