{"train_position_loss": 0.05048859491944313, "_timestamp": 1675678441.84434, "val_position_loss": 0.027470089495182037, "test_position_loss": 0.029860636219382286, "ext_position_loss": 0.04237239807844162, "_runtime": 3.19234299659729, "_step": 1, "_wandb": {"runtime": 0}}