{"train_position_loss": 39.283843994140625, "_timestamp": 1675682183.2293854, "val_position_loss": 4.443658351898193, "test_position_loss": 4.0403852462768555, "ext_position_loss": 10.90086841583252, "_runtime": 20.711286306381226, "_step": 500, "_wandb": {"runtime": 20}}