{"train_total_loss": 0.22374595701694489, "train_vector_loss": 4.837273120880127, "train_position_loss": 0.22374595701694489, "_timestamp": 1675599574.7877023, "val_total_loss": 0.011090822517871857, "val_vector_loss": 4.898589134216309, "val_position_loss": 0.011090822517871857, "test_total_loss": 0.011250020936131477, "test_vector_loss": 4.898589134216309, "test_position_loss": 0.011250020936131477, "ext_total_loss": 0.011393548920750618, "ext_vector_loss": 4.898589611053467, "ext_position_loss": 0.011393548920750618, "_runtime": 44.25502038002014, "_step": 497}