{"train_total_loss": 0.21803487837314606, "train_vector_loss": 0.12289755046367645, "train_position_loss": 0.09513732045888901, "_timestamp": 1676382303.2410614, "val_total_loss": 0.12222190201282501, "val_vector_loss": 0.07828342914581299, "val_position_loss": 0.043938472867012024, "test_total_loss": 0.12326750159263611, "test_vector_loss": 0.07931851595640182, "test_position_loss": 0.04394900053739548, "ext_total_loss": 0.24189631640911102, "ext_vector_loss": 0.19733305275440216, "ext_position_loss": 0.04456325247883797, "_runtime": 72.48589849472046, "_step": 134}