{"train_total_loss": 0.06890869140625, "train_vector_loss": 1.5955209732055664, "train_position_loss": 0.06093107908964157, "train_max_position_loss": 0.07635126262903214, "_timestamp": 1680071353.7283146, "val_total_loss": 0.09426896274089813, "val_vector_loss": 0.6851263642311096, "val_position_loss": 0.0908433347940445, "val_max_position_loss": 0.10529682785272598, "test_total_loss": 0.09429559856653214, "test_vector_loss": 0.7148786187171936, "test_position_loss": 0.09072119742631912, "test_max_position_loss": 0.10490119457244873, "ext_total_loss": 0.10436413437128067, "ext_vector_loss": 1.1999903917312622, "ext_position_loss": 0.09836418926715851, "ext_max_position_loss": 0.11761043220758438, "_runtime": 88.3565616607666, "_step": 15}