{"train_total_loss": 1.805261492729187, "train_vector_loss": 5.966697692871094, "train_position_loss": 1.805261492729187, "_timestamp": 1675600234.0983357, "val_total_loss": 1.4663660526275635, "val_vector_loss": 5.909274101257324, "val_position_loss": 1.4663660526275635, "test_total_loss": 1.4665621519088745, "test_vector_loss": 5.90883207321167, "test_position_loss": 1.4665621519088745, "ext_total_loss": 1.4554895162582397, "ext_vector_loss": 5.800558567047119, "ext_position_loss": 1.4554895162582397, "_runtime": 3.884702682495117, "_step": 33}