{"train_total_loss": 0.4670795202255249, "train_vector_loss": 5.455743789672852, "train_position_loss": 0.4670795202255249, "_timestamp": 1675598928.3929336, "val_total_loss": 0.009562099352478981, "val_vector_loss": 5.633856773376465, "val_position_loss": 0.009562099352478981, "test_total_loss": 0.009783254936337471, "test_vector_loss": 5.625143051147461, "test_position_loss": 0.009783254936337471, "ext_total_loss": 0.04461625963449478, "ext_vector_loss": 5.58193826675415, "ext_position_loss": 0.04461625963449478, "_runtime": 18.504562616348267, "_step": 200, "_wandb": {"runtime": 18}}