{"train_total_loss": 0.006937256548553705, "train_vector_loss": 5.925204277038574, "train_position_loss": 0.0010120522929355502, "_timestamp": 1676380247.8275478, "val_total_loss": 0.005891820415854454, "val_vector_loss": 5.857234001159668, "val_position_loss": 3.4585751564009115e-05, "test_total_loss": 0.0058918180875480175, "test_vector_loss": 5.856433868408203, "test_position_loss": 3.5383589420234784e-05, "ext_total_loss": 0.0059226746670901775, "ext_vector_loss": 5.867085933685303, "ext_position_loss": 5.55885344510898e-05, "_runtime": 90.5328278541565, "_step": 164}