{"train_total_loss": 48.79484558105469, "train_vector_loss": 26.590967178344727, "train_position_loss": 48.768253326416016, "_timestamp": 1675652887.1013477, "val_total_loss": 23.1688232421875, "val_vector_loss": 26.587507247924805, "val_position_loss": 23.14223861694336, "test_total_loss": 20.733013153076172, "test_vector_loss": 26.587434768676758, "test_position_loss": 20.706424713134766, "ext_total_loss": 38.8284912109375, "ext_vector_loss": 26.58463478088379, "ext_position_loss": 38.80190658569336, "_runtime": 128.97883367538452, "_step": 47}