{"train_total_loss": 127.47855377197266, "train_vector_loss": 47.739044189453125, "train_position_loss": 127.47855377197266, "_timestamp": 1675654647.16272, "val_total_loss": 96.58451080322266, "val_vector_loss": 47.73751449584961, "val_position_loss": 96.58451080322266, "test_total_loss": 95.21330261230469, "test_vector_loss": 47.73777770996094, "test_position_loss": 95.21330261230469, "ext_total_loss": 143.2355499267578, "ext_vector_loss": 47.74465560913086, "ext_position_loss": 143.2355499267578, "_runtime": 146.75979590415955, "_step": 55}