{"train_total_loss": 0.18898217380046844, "train_vector_loss": 3.983503818511963, "train_position_loss": 0.18898217380046844, "_timestamp": 1675599228.484776, "val_total_loss": 0.7592242956161499, "val_vector_loss": 3.777228832244873, "val_position_loss": 0.7592242956161499, "test_total_loss": 0.44088876247406006, "test_vector_loss": 3.8044726848602295, "test_position_loss": 0.44088876247406006, "ext_total_loss": 2.663302421569824, "ext_vector_loss": 3.8519699573516846, "ext_position_loss": 2.663302421569824, "_runtime": 47.911718130111694, "_step": 500, "_wandb": {"runtime": 46}}