{"train_total_loss": 0.01456980686634779, "train_vector_loss": 3.667923927307129, "train_position_loss": 0.01090188417583704, "_timestamp": 1675603773.0644453, "val_total_loss": 0.0035297065041959286, "val_vector_loss": 3.3817601203918457, "val_position_loss": 0.00014794591697864234, "test_total_loss": 0.003546258667483926, "test_vector_loss": 3.3817601203918457, "test_position_loss": 0.00016449867689516395, "ext_total_loss": 0.003687845077365637, "ext_vector_loss": 3.3817598819732666, "ext_position_loss": 0.0003060846065636724, "_runtime": 222.1435031890869, "_step": 500, "_wandb": {"runtime": 221}}