{"train_total_loss": 85.79405212402344, "train_vector_loss": 47.74789810180664, "train_position_loss": 85.79405212402344, "_timestamp": 1675657161.4925337, "val_total_loss": 50.02123260498047, "val_vector_loss": 47.76850891113281, "val_position_loss": 50.02123260498047, "test_total_loss": 47.227298736572266, "test_vector_loss": 47.76871871948242, "test_position_loss": 47.227298736572266, "ext_total_loss": 74.91836547851562, "ext_vector_loss": 47.77605056762695, "ext_position_loss": 74.91836547851562, "_runtime": 54.846670627593994, "_step": 21}