{"train_total_loss": 0.0003566689556464553, "train_vector_loss": 0.028168240562081337, "train_position_loss": 0.00032850069692358375, "_timestamp": 1675678086.2845113, "val_total_loss": 6.03221014898736e-05, "val_vector_loss": 0.008595540188252926, "val_position_loss": 5.1726558012887836e-05, "test_total_loss": 5.911864718655124e-05, "test_vector_loss": 0.010174558497965336, "test_position_loss": 4.894408630207181e-05, "ext_total_loss": 0.00016426264483015984, "ext_vector_loss": 0.024977343156933784, "ext_position_loss": 0.00013928530097473413, "_runtime": 220.72713923454285, "_step": 491, "_wandb": {"runtime": 220}}