{"train_total_loss": 0.0264322180300951, "train_vector_loss": 2.246299982070923, "train_position_loss": 0.015200717374682426, "_timestamp": 1680071047.7453425, "val_total_loss": 0.016246387735009193, "val_vector_loss": 2.12579607963562, "val_position_loss": 0.005617407150566578, "test_total_loss": 0.01870308257639408, "test_vector_loss": 2.126948118209839, "test_position_loss": 0.00806833989918232, "ext_total_loss": 0.028737513348460197, "ext_vector_loss": 2.378952741622925, "ext_position_loss": 0.01684274896979332, "_runtime": 221.7283215522766, "_step": 2000, "_wandb": {"runtime": 223}}