{"train_total_loss": 0.0021534617990255356, "train_vector_loss": 0.2285325676202774, "train_position_loss": 0.0019249293254688382, "_timestamp": 1676381092.9602866, "val_total_loss": 0.0018780619138851762, "val_vector_loss": 0.14706668257713318, "val_position_loss": 0.001730995369143784, "test_total_loss": 0.0018668703269213438, "test_vector_loss": 0.15067553520202637, "test_position_loss": 0.0017161947907879949, "ext_total_loss": 0.0021407725289463997, "ext_vector_loss": 0.3972829580307007, "ext_position_loss": 0.0017434894107282162, "_runtime": 32.32477259635925, "_step": 59}