{"train_total_loss": 0.23139634728431702, "train_vector_loss": 4.384103298187256, "train_position_loss": 0.23139634728431702, "_timestamp": 1675599901.5506332, "val_total_loss": 0.280324786901474, "val_vector_loss": 4.522861480712891, "val_position_loss": 0.280324786901474, "test_total_loss": 0.1401645392179489, "test_vector_loss": 4.516289234161377, "test_position_loss": 0.1401645392179489, "ext_total_loss": 0.2764827311038971, "ext_vector_loss": 4.525201797485352, "ext_position_loss": 0.2764827311038971, "_runtime": 45.55312919616699, "_step": 500, "_wandb": {"runtime": 45}}