{"train_total_loss": 215.50369262695312, "train_vector_loss": 0.26610100269317627, "train_position_loss": 215.50369262695312, "_timestamp": 1675678511.8624659, "val_total_loss": 182.35330200195312, "val_vector_loss": 0.2645165026187897, "val_position_loss": 182.35330200195312, "test_total_loss": 186.78866577148438, "test_vector_loss": 0.26447594165802, "test_position_loss": 186.78866577148438, "ext_total_loss": 328.36505126953125, "ext_vector_loss": 0.2627146542072296, "ext_position_loss": 328.36505126953125, "_runtime": 3.62571382522583, "_step": 1, "_wandb": {"runtime": 3}}