{"train_total_loss": 0.038916412740945816, "train_vector_loss": 4.11488151550293, "train_position_loss": 0.038916412740945816, "_timestamp": 1675601197.7434325, "val_total_loss": 0.0003017747076228261, "val_vector_loss": 4.496614933013916, "val_position_loss": 0.0003017747076228261, "test_total_loss": 0.00032666142215020955, "test_vector_loss": 4.496614933013916, "test_position_loss": 0.00032666142215020955, "ext_total_loss": 0.0005204074550420046, "ext_vector_loss": 4.496615886688232, "ext_position_loss": 0.0005204074550420046, "_runtime": 286.2156445980072, "_step": 236}