{"train_total_loss": 0.015612201765179634, "train_vector_loss": 4.331798076629639, "train_position_loss": 0.015612201765179634, "_timestamp": 1675601676.8951006, "val_total_loss": 8.468811574857682e-05, "val_vector_loss": 4.071522235870361, "val_position_loss": 8.468811574857682e-05, "test_total_loss": 8.732642163522542e-05, "test_vector_loss": 4.071522235870361, "test_position_loss": 8.732642163522542e-05, "ext_total_loss": 0.0002269179531140253, "ext_vector_loss": 4.071521759033203, "ext_position_loss": 0.0002269179531140253, "_runtime": 257.9183645248413, "_step": 500, "_wandb": {"runtime": 261}}