{"train_total_loss": 0.23406603932380676, "train_vector_loss": 4.268563270568848, "train_position_loss": 0.23406603932380676, "_timestamp": 1675600195.0325506, "val_total_loss": 0.00015677425835747272, "val_vector_loss": 4.923747539520264, "val_position_loss": 0.00015677425835747272, "test_total_loss": 0.00015516231360379606, "test_vector_loss": 4.923747539520264, "test_position_loss": 0.00015516231360379606, "ext_total_loss": 0.00034504570066928864, "ext_vector_loss": 4.9237470626831055, "ext_position_loss": 0.00034504570066928864, "_runtime": 45.49657464027405, "_step": 500, "_wandb": {"runtime": 45}}