{"train_total_loss": 10.366511344909668, "train_vector_loss": 47.74543762207031, "train_position_loss": 10.366511344909668, "_timestamp": 1675660678.8343546, "val_total_loss": 4.298341274261475, "val_vector_loss": 47.74699401855469, "val_position_loss": 4.298341274261475, "test_total_loss": 2.7675070762634277, "test_vector_loss": 47.74723434448242, "test_position_loss": 2.7675070762634277, "ext_total_loss": 6.356418132781982, "ext_vector_loss": 47.74925231933594, "ext_position_loss": 6.356418132781982, "_runtime": 1392.0095255374908, "_step": 479}