{"train_total_loss": 36.330299377441406, "train_vector_loss": 26.590087890625, "train_position_loss": 36.3037109375, "_timestamp": 1675652620.502783, "val_total_loss": 19.154727935791016, "val_vector_loss": 26.581378936767578, "val_position_loss": 19.128149032592773, "test_total_loss": 17.297428131103516, "test_vector_loss": 26.581523895263672, "test_position_loss": 17.270845413208008, "ext_total_loss": 98.23765563964844, "ext_vector_loss": 26.589269638061523, "ext_position_loss": 98.21107482910156, "_runtime": 1415.125154018402, "_step": 86}