{"train_total_loss": 0.009860478341579437, "train_vector_loss": 2.473531484603882, "train_position_loss": 0.0073869479820132256, "_timestamp": 1675603346.5817773, "val_total_loss": 0.0017526744632050395, "val_vector_loss": 1.5088049173355103, "val_position_loss": 0.00024386934819631279, "test_total_loss": 0.0017403945093974471, "test_vector_loss": 1.5088049173355103, "test_position_loss": 0.00023158946714829654, "ext_total_loss": 0.0018270990112796426, "ext_vector_loss": 1.5088049173355103, "ext_position_loss": 0.0003182940126862377, "_runtime": 220.56932735443115, "_step": 500, "_wandb": {"runtime": 220}}