{"train_total_loss": 0.03171076998114586, "train_vector_loss": 0.2400926798582077, "train_position_loss": 0.007701502647250891, "_timestamp": 1676381584.352441, "val_total_loss": 0.030575264245271683, "val_vector_loss": 0.1785869151353836, "val_position_loss": 0.012716571800410748, "test_total_loss": 0.03205518797039986, "test_vector_loss": 0.19237037003040314, "test_position_loss": 0.012818152084946632, "ext_total_loss": 0.04963667690753937, "ext_vector_loss": 0.3624729514122009, "ext_position_loss": 0.013389376923441887, "_runtime": 120.28810405731201, "_step": 7}