{"train_total_loss": 0.023920882493257523, "train_vector_loss": 2.544294834136963, "train_position_loss": 0.011199410073459148, "_timestamp": 1680071055.6191459, "val_total_loss": 0.01326529961079359, "val_vector_loss": 2.3215184211730957, "val_position_loss": 0.0016577091300860047, "test_total_loss": 0.013049052096903324, "test_vector_loss": 2.313987970352173, "test_position_loss": 0.0014791135909035802, "ext_total_loss": 0.019002949818968773, "ext_vector_loss": 2.610576868057251, "ext_position_loss": 0.005950065329670906, "_runtime": 182.9097158908844, "_step": 2000, "_wandb": {"runtime": 184}}