{"train_total_loss": 0.0029628099873661995, "train_vector_loss": 0.056282974779605865, "train_position_loss": 0.002906526904553175, "_timestamp": 1675664845.2404132, "val_total_loss": 0.003569449298083782, "val_vector_loss": 0.11156904697418213, "val_position_loss": 0.003457880113273859, "test_total_loss": 0.0036211246624588966, "test_vector_loss": 0.11270182579755783, "test_position_loss": 0.0035084227565675974, "ext_total_loss": 0.003539527766406536, "ext_vector_loss": 0.12588158249855042, "ext_position_loss": 0.003413646249100566, "_runtime": 15.300725221633911, "_step": 35, "_wandb": {"runtime": 14}}