{"train_total_loss": 5.768383502960205, "train_vector_loss": 5.751168727874756, "train_position_loss": 0.017215145751833916, "_timestamp": 1676380636.3581698, "val_total_loss": 5.674017906188965, "val_vector_loss": 5.657904624938965, "val_position_loss": 0.016112439334392548, "test_total_loss": 5.666728973388672, "test_vector_loss": 5.650643348693848, "test_position_loss": 0.016085142269730568, "ext_total_loss": 5.684861660003662, "ext_vector_loss": 5.66826868057251, "ext_position_loss": 0.01659243181347847, "_runtime": 89.47748374938965, "_step": 135}