{"train_total_loss": 0.0003600709605962038, "train_vector_loss": 0.02396351844072342, "train_position_loss": 0.0003361074486747384, "_timestamp": 1675677609.6914282, "val_total_loss": 4.683354200096801e-05, "val_vector_loss": 0.010070479474961758, "val_position_loss": 3.676306005218066e-05, "test_total_loss": 4.9865066102938727e-05, "test_vector_loss": 0.009700157679617405, "test_position_loss": 4.0164908568840474e-05, "ext_total_loss": 0.00013408013910520822, "ext_vector_loss": 0.021399246528744698, "ext_position_loss": 0.00011268088564975187, "_runtime": 216.8256471157074, "_step": 500, "_wandb": {"runtime": 216}}