{"train_total_loss": 168.20263671875, "train_vector_loss": 0.26452717185020447, "train_position_loss": 168.20263671875, "_timestamp": 1675678526.0492191, "val_total_loss": 105.29806518554688, "val_vector_loss": 0.26176151633262634, "val_position_loss": 105.29806518554688, "test_total_loss": 100.1291275024414, "test_vector_loss": 0.26173627376556396, "test_position_loss": 100.1291275024414, "ext_total_loss": 239.11505126953125, "ext_vector_loss": 0.2546814978122711, "ext_position_loss": 239.11505126953125, "_runtime": 3.4316282272338867, "_step": 1, "_wandb": {"runtime": 2}}