{"train_total_loss": 0.0020221949089318514, "train_vector_loss": 0.06537654995918274, "train_position_loss": 0.0019568183925002813, "_timestamp": 1675678124.0401738, "val_total_loss": 0.0002403687685728073, "val_vector_loss": 0.05712054669857025, "val_position_loss": 0.00018324822303839028, "test_total_loss": 0.00025562517112120986, "test_vector_loss": 0.05595003440976143, "test_position_loss": 0.00019967516709584743, "ext_total_loss": 0.0003027517523150891, "ext_vector_loss": 0.06783388555049896, "ext_position_loss": 0.00023491781030315906, "_runtime": 33.133511781692505, "_step": 73, "_wandb": {"runtime": 32}}