{"train_total_loss": -0.004299622494727373, "train_vector_loss": -4.729269027709961, "train_position_loss": 0.00042964681051671505, "_timestamp": 1675649024.2988482, "val_total_loss": -0.005430224351584911, "val_vector_loss": -5.586939811706543, "val_position_loss": 0.0001567164290463552, "test_total_loss": -0.004995597992092371, "test_vector_loss": -5.579775333404541, "test_position_loss": 0.000584178720600903, "ext_total_loss": -0.00524014700204134, "ext_vector_loss": -5.586941242218018, "ext_position_loss": 0.00034679434611462057, "_runtime": 37.471532106399536, "_step": 74}