{"train_total_loss": 0.49138128757476807, "train_vector_loss": 5.450900554656982, "train_position_loss": 0.49138128757476807, "_timestamp": 1675599168.5402024, "val_total_loss": 0.05221119523048401, "val_vector_loss": 5.491690158843994, "val_position_loss": 0.05221119523048401, "test_total_loss": 0.05032527446746826, "test_vector_loss": 5.5159101486206055, "test_position_loss": 0.05032527446746826, "ext_total_loss": 0.18263421952724457, "ext_vector_loss": 5.514759540557861, "ext_position_loss": 0.18263421952724457, "_runtime": 17.503657341003418, "_step": 190}