{"train_total_loss": 0.007547895424067974, "train_vector_loss": 0.43168479204177856, "train_position_loss": 0.0032310476526618004, "_timestamp": 1676382851.0814571, "val_total_loss": 0.0022145044058561325, "val_vector_loss": 0.1594376564025879, "val_position_loss": 0.0006201275973580778, "test_total_loss": 0.0022268700413405895, "test_vector_loss": 0.1608526110649109, "test_position_loss": 0.0006183440564200282, "ext_total_loss": 0.004244405310600996, "ext_vector_loss": 0.349502831697464, "ext_position_loss": 0.0007493768935091794, "_runtime": 85.15567517280579, "_step": 154}