{"train_total_loss": 0.008966460824012756, "train_vector_loss": 5.989744186401367, "train_position_loss": 0.0029767167288810015, "_timestamp": 1676379210.262493, "val_total_loss": 0.009123706258833408, "val_vector_loss": 5.984198570251465, "val_position_loss": 0.0031395067926496267, "test_total_loss": 0.009156939573585987, "test_vector_loss": 5.984264373779297, "test_position_loss": 0.003172675147652626, "ext_total_loss": 0.009522289969027042, "ext_vector_loss": 5.985583782196045, "ext_position_loss": 0.003536706091836095, "_runtime": 384.3987669944763, "_step": 14}