{"train_total_loss": 0.1184634417295456, "train_vector_loss": 2.4608991146087646, "train_position_loss": 0.09385444223880768, "_timestamp": 1675598602.3160198, "val_total_loss": 0.07555467635393143, "val_vector_loss": 3.4515798091888428, "val_position_loss": 0.0410388819873333, "test_total_loss": 0.0721067488193512, "test_vector_loss": 3.4223008155822754, "test_position_loss": 0.03788373991847038, "ext_total_loss": 0.38379523158073425, "ext_vector_loss": 2.9965291023254395, "ext_position_loss": 0.35382989048957825, "_runtime": 31.42601466178894, "_step": 50, "_wandb": {"runtime": 31}}