{"train_total_loss": 0.0016619085799902678, "train_vector_loss": 0.22624008357524872, "train_position_loss": 0.0005307082901708782, "_timestamp": 1676383250.4506075, "val_total_loss": 0.0004035279853269458, "val_vector_loss": 0.07733522355556488, "val_position_loss": 1.685189090494532e-05, "test_total_loss": 0.00042604029295034707, "test_vector_loss": 0.08146843314170837, "test_position_loss": 1.8698114217841066e-05, "ext_total_loss": 0.0012559009483084083, "ext_vector_loss": 0.23835663497447968, "ext_position_loss": 6.411776121240109e-05, "_runtime": 382.59732246398926, "_step": 500, "_wandb": {"runtime": 382}}