{"train_total_loss": 0.28084444999694824, "train_vector_loss": 4.76089334487915, "train_position_loss": 0.28084444999694824, "_timestamp": 1675599120.4614806, "val_total_loss": 0.728972852230072, "val_vector_loss": 3.7334227561950684, "val_position_loss": 0.728972852230072, "test_total_loss": 0.7511374950408936, "test_vector_loss": 3.7394063472747803, "test_position_loss": 0.7511374950408936, "ext_total_loss": 1.4374617338180542, "ext_vector_loss": 4.061642169952393, "ext_position_loss": 1.4374617338180542, "_runtime": 45.648398637771606, "_step": 500, "_wandb": {"runtime": 46}}