{"train_total_loss": 286.76397705078125, "train_vector_loss": 47.73666000366211, "train_position_loss": 286.76397705078125, "_timestamp": 1675654200.9426656, "val_total_loss": 152.56103515625, "val_vector_loss": 47.74064636230469, "val_position_loss": 152.56103515625, "test_total_loss": 146.0231475830078, "test_vector_loss": 47.74055480957031, "test_position_loss": 146.0231475830078, "ext_total_loss": 328.4912414550781, "ext_vector_loss": 47.7397575378418, "ext_position_loss": 328.4912414550781, "_runtime": 10.985191583633423, "_step": 2}