{"train_total_loss": 0.009157259948551655, "train_vector_loss": 5.988056182861328, "train_position_loss": 0.0031692038755863905, "_timestamp": 1676380688.4826694, "val_total_loss": 0.008461627177894115, "val_vector_loss": 5.986875534057617, "val_position_loss": 0.002474752254784107, "test_total_loss": 0.008459724485874176, "test_vector_loss": 5.986642837524414, "test_position_loss": 0.0024730809964239597, "ext_total_loss": 0.008514706045389175, "ext_vector_loss": 5.98682975769043, "ext_position_loss": 0.0025278772227466106, "_runtime": 19.132729291915894, "_step": 24}