{"train_total_loss": 0.0264322180300951, "train_vector_loss": 2.246299982070923, "train_position_loss": 0.015200717374682426, "train_max_position_loss": 0.026540707796812057, "_timestamp": 1680071728.5379488, "val_total_loss": 0.016246387735009193, "val_vector_loss": 2.12579607963562, "val_position_loss": 0.005617407150566578, "val_max_position_loss": 0.01571361906826496, "test_total_loss": 0.01870308257639408, "test_vector_loss": 2.126948118209839, "test_position_loss": 0.00806833989918232, "test_max_position_loss": 0.018841208890080452, "ext_total_loss": 0.028737513348460197, "ext_vector_loss": 2.378952741622925, "ext_position_loss": 0.01684274896979332, "ext_max_position_loss": 0.034312654286623, "_runtime": 165.14796686172485, "_step": 2000, "_wandb": {"runtime": 166}}