{"train_total_loss": 0.7202450633049011, "train_vector_loss": 5.329809665679932, "train_position_loss": 0.6669469475746155, "_timestamp": 1675598834.7888856, "val_total_loss": 0.14278942346572876, "val_vector_loss": 3.357271194458008, "val_position_loss": 0.10921671986579895, "test_total_loss": 0.15027469396591187, "test_vector_loss": 3.3894476890563965, "test_position_loss": 0.1163802221417427, "ext_total_loss": 0.5317186713218689, "ext_vector_loss": 3.6953556537628174, "ext_position_loss": 0.49476516246795654, "_runtime": 18.463021516799927, "_step": 100, "_wandb": {"runtime": 18}}