{"train_total_loss": 0.20672447979450226, "train_vector_loss": 4.789188861846924, "train_position_loss": 0.1588325947523117, "_timestamp": 1675598803.8456602, "val_total_loss": 0.04385131970047951, "val_vector_loss": 3.747816562652588, "val_position_loss": 0.0063731553964316845, "test_total_loss": 0.04361848533153534, "test_vector_loss": 3.7139172554016113, "test_position_loss": 0.006479318253695965, "ext_total_loss": 0.08949404954910278, "ext_vector_loss": 4.010397911071777, "ext_position_loss": 0.04939006641507149, "_runtime": 26.532015323638916, "_step": 16}