{"train_position_loss": 0.002035801764577627, "_timestamp": 1675599615.3242164, "val_position_loss": 0.0018238468328490853, "test_position_loss": 0.001840765355154872, "ext_position_loss": 0.0016907431418076158, "_runtime": 22.582009315490723, "_step": 217}