{"train_total_loss": 0.002902065869420767, "train_vector_loss": 0.05934080109000206, "train_position_loss": 0.002842725021764636, "_timestamp": 1675665501.212303, "val_total_loss": 0.0014950634213164449, "val_vector_loss": 0.2597636282444, "val_position_loss": 0.0012352998601272702, "test_total_loss": 0.001515361713245511, "test_vector_loss": 0.26231804490089417, "test_position_loss": 0.0012530435342341661, "ext_total_loss": 0.001507215085439384, "ext_vector_loss": 0.2829062044620514, "ext_position_loss": 0.0012243087403476238, "_runtime": 17.361958980560303, "_step": 38, "_wandb": {"runtime": 17}}