{"train_total_loss": 1.2026615142822266, "train_vector_loss": 5.190213203430176, "train_position_loss": 1.1507593393325806, "_timestamp": 1675598489.2666595, "val_total_loss": 0.2022002935409546, "val_vector_loss": 4.2233567237854, "val_position_loss": 0.15996673703193665, "test_total_loss": 0.2007366418838501, "test_vector_loss": 4.1782121658325195, "test_position_loss": 0.15895453095436096, "ext_total_loss": 0.8229020237922668, "ext_vector_loss": 4.651195049285889, "ext_position_loss": 0.776390016078949, "_runtime": 5.921096563339233, "_step": 50, "_wandb": {"runtime": 5}}