{"train_total_loss": 48.198448181152344, "train_vector_loss": 47.74900817871094, "train_position_loss": 48.198448181152344, "_timestamp": 1675657096.5224493, "val_total_loss": 30.028079986572266, "val_vector_loss": 47.73294448852539, "val_position_loss": 30.028079986572266, "test_total_loss": 28.20500946044922, "test_vector_loss": 47.732505798339844, "test_position_loss": 28.20500946044922, "ext_total_loss": 83.802734375, "ext_vector_loss": 47.727115631103516, "ext_position_loss": 83.802734375, "_runtime": 129.38019728660583, "_step": 50}