{"train_total_loss": 0.0035169790498912334, "train_vector_loss": 3.3235924243927, "train_position_loss": 0.00019338636775501072, "_timestamp": 1676382750.0857854, "val_total_loss": 0.0030277357436716557, "val_vector_loss": 2.9895753860473633, "val_position_loss": 3.816044772975147e-05, "test_total_loss": 0.0030331467278301716, "test_vector_loss": 2.9924447536468506, "test_position_loss": 4.0702019759919494e-05, "ext_total_loss": 0.0032556517980992794, "ext_vector_loss": 3.152425527572632, "ext_position_loss": 0.00010322565503884107, "_runtime": 105.49677848815918, "_step": 194}