{"train_total_loss": 0.01665634661912918, "train_vector_loss": 4.119487285614014, "train_position_loss": 0.01661515049636364, "_timestamp": 1675602817.7852063, "val_total_loss": 0.000125597114674747, "val_vector_loss": 3.7783029079437256, "val_position_loss": 8.781410724623129e-05, "test_total_loss": 0.0001277791743632406, "test_vector_loss": 3.7783029079437256, "test_position_loss": 8.999615965876728e-05, "ext_total_loss": 0.00026831054128706455, "ext_vector_loss": 3.77830171585083, "ext_position_loss": 0.0002305275556864217, "_runtime": 160.17935943603516, "_step": 328}