{"train_total_loss": 0.21628208458423615, "train_vector_loss": 4.6645894050598145, "train_position_loss": 0.21628208458423615, "_timestamp": 1675599782.9762938, "val_total_loss": 0.39986395835876465, "val_vector_loss": 3.342017889022827, "val_position_loss": 0.39986395835876465, "test_total_loss": 0.3999570608139038, "test_vector_loss": 3.342017889022827, "test_position_loss": 0.3999570608139038, "ext_total_loss": 0.4003620743751526, "ext_vector_loss": 3.342017889022827, "ext_position_loss": 0.4003620743751526, "_runtime": 42.41456985473633, "_step": 465}