{"train_total_loss": 0.00032495049526914954, "train_vector_loss": 0.019926708191633224, "train_position_loss": 0.00030502380104735494, "_timestamp": 1675679158.4390883, "val_total_loss": 3.586032471503131e-05, "val_vector_loss": 0.008787978440523148, "val_position_loss": 2.707234671106562e-05, "test_total_loss": 3.994068902102299e-05, "test_vector_loss": 0.008878214284777641, "test_position_loss": 3.10624745907262e-05, "ext_total_loss": 0.00011227391223656014, "ext_vector_loss": 0.02004191093146801, "ext_position_loss": 9.223199594998732e-05, "_runtime": 220.39290523529053, "_step": 500, "_wandb": {"runtime": 219}}