{"train_total_loss": 0.0003513484261929989, "train_vector_loss": 0.027841389179229736, "train_position_loss": 0.0003235070325899869, "_timestamp": 1675666347.6576228, "val_total_loss": 6.028435382177122e-05, "val_vector_loss": 0.008593359030783176, "val_position_loss": 5.1690996770048514e-05, "test_total_loss": 5.908021921641193e-05, "test_vector_loss": 0.010173450224101543, "test_position_loss": 4.890677155344747e-05, "ext_total_loss": 0.00016437206068076193, "ext_vector_loss": 0.024993058294057846, "ext_position_loss": 0.00013937902986072004, "_runtime": 208.69320583343506, "_step": 500, "_wandb": {"runtime": 208}}