{"train_total_loss": 218.43695068359375, "train_vector_loss": 47.79422378540039, "train_position_loss": 218.43695068359375, "_timestamp": 1675654483.753058, "val_total_loss": 243.036865234375, "val_vector_loss": 47.82318878173828, "val_position_loss": 243.036865234375, "test_total_loss": 247.08860778808594, "test_vector_loss": 47.82318878173828, "test_position_loss": 247.08860778808594, "ext_total_loss": 498.5035705566406, "ext_vector_loss": 47.82319641113281, "ext_position_loss": 498.5035705566406, "_runtime": 120.03094601631165, "_step": 45}