{"train_position_loss": 0.0020644129253923893, "_timestamp": 1675679429.8642223, "val_position_loss": 0.00010417325393063948, "test_position_loss": 0.0066009103320539, "ext_position_loss": 0.016135573387145996, "_runtime": 19.949538230895996, "_step": 500, "_wandb": {"runtime": 19}}