{"train_total_loss": 0.0004987754509784281, "train_vector_loss": 0.00491070793941617, "train_position_loss": 0.0004938648198731244, "_timestamp": 1675678407.5799458, "val_total_loss": 0.0009371450287289917, "val_vector_loss": 0.002233130857348442, "val_position_loss": 0.0009349119500257075, "test_total_loss": 0.0009769367752596736, "test_vector_loss": 0.0023554640356451273, "test_position_loss": 0.0009745813440531492, "ext_total_loss": 0.001314055174589157, "ext_vector_loss": 0.0036500717978924513, "ext_position_loss": 0.001310405321419239, "_runtime": 1.2439918518066406, "_step": 1, "_wandb": {"runtime": 0}}