{"train_total_loss": 0.23045916855335236, "train_vector_loss": 4.3828959465026855, "train_position_loss": 0.23045916855335236, "_timestamp": 1675600135.6336253, "val_total_loss": 0.21354202926158905, "val_vector_loss": 4.314292907714844, "val_position_loss": 0.21354202926158905, "test_total_loss": 0.059135451912879944, "test_vector_loss": 4.3040361404418945, "test_position_loss": 0.059135451912879944, "ext_total_loss": 0.18402233719825745, "ext_vector_loss": 4.314496040344238, "ext_position_loss": 0.18402233719825745, "_runtime": 45.06780529022217, "_step": 500, "_wandb": {"runtime": 45}}